model_name	prompt_len	output_len	call_latency	secs_per_tok
gpt-3.5-turbo	793.0	534.2	16.900952196121217	0.03163814061862449
text-babbage-001	555.0	45.6	0.5153553485870361	0.011295962868338805
text-davinci-003	555.0	341.2	10.677229833602905	0.0312532862186048
text-curie-001	555.0	63.0	0.8783614635467529	0.013918583280518726
davinci-instruct-beta	555.0	638.2	19.441831350326538	0.030909275341412044
